Day_Index,Is_Weekend,Total_Admissions_Today,Total_Discharges_Today,ICU_Patients_Today,Surgeries_Today,Total_Beds_Occupied_Today,Total_Beds_Required_Tomorrow,Doctors_Required_Tomorrow,Nurses_Required_Tomorrow,Technicians_Required_Tomorrow
0,False,43,24,8,1,139,136,13,31,3
1,False,37,20,9,2,156,156,13,31,5
2,False,16,33,3,3,139,138,7,17,4
3,False,47,21,10,0,165,170,14,33,3
4,False,42,25,8,3,182,185,15,35,5
5,True,12,9,9,2,185,181,8,19,5
6,True,13,18,5,1,180,179,5,13,3
7,False,42,16,4,0,206,205,10,25,3
8,False,18,11,5,4,213,223,9,22,5
9,False,32,35,5,3,210,214,11,27,4
10,False,35,25,11,0,220,227,12,28,3
11,False,43,24,8,0,239,242,12,29,3
12,True,10,16,3,0,233,237,5,10,3
13,True,12,7,7,1,238,243,6,15,3
14,False,42,16,3,0,264,267,9,24,3
15,False,37,33,9,2,268,267,13,31,5
16,False,15,44,4,0,239,240,5,11,3
17,False,40,23,11,1,256,264,14,33,4
18,False,27,41,5,4,242,246,11,26,5
19,True,16,17,4,0,241,245,5,12,3
20,True,28,6,4,1,263,274,8,20,3
21,False,25,37,2,0,251,259,6,14,3
22,False,27,12,12,0,266,277,11,25,4
23,False,47,33,9,0,280,281,13,32,3
24,False,26,11,2,0,295,304,6,15,3
25,False,16,11,6,0,300,299,6,14,3
26,True,28,6,6,2,322,324,10,24,4
27,True,32,15,6,0,339,341,9,22,3
28,False,48,15,2,0,372,382,10,26,3
29,False,20,25,13,2,367,369,12,27,6
30,False,33,35,5,3,365,372,11,27,4
31,False,47,27,13,0,385,393,15,36,4
32,False,37,40,8,3,382,391,14,32,5
33,True,25,24,1,1,383,394,6,15,3
34,True,14,9,9,2,388,390,8,20,5
35,False,30,12,9,3,406,416,13,30,6
36,False,22,29,4,0,399,411,6,15,3
37,False,32,27,14,0,404,407,13,30,4
38,False,47,13,5,2,438,439,13,32,3
39,False,47,21,8,4,464,467,17,39,6
40,True,31,12,5,1,483,484,9,22,3
41,True,24,5,4,2,502,503,8,20,3
42,False,31,37,4,3,496,505,11,25,4
43,False,38,38,4,3,496,497,12,29,4
44,False,35,41,3,0,490,500,8,20,3
45,False,45,12,3,1,523,538,11,27,3
46,False,41,11,2,0,553,565,9,22,3
47,True,31,20,7,1,564,568,10,24,3
48,True,27,17,9,0,574,579,9,22,3
49,False,15,17,13,2,572,580,11,24,6
50,False,29,37,8,2,564,574,11,26,4
51,False,36,31,7,2,569,582,12,29,4
52,False,47,17,13,4,599,607,19,44,8
53,False,18,15,4,3,602,616,8,19,4
54,True,27,14,8,2,615,620,11,25,4
55,True,32,9,9,0,638,641,10,25,3
56,False,15,43,9,4,610,617,11,24,7
57,False,15,25,7,4,600,609,10,22,6
58,False,17,21,7,0,596,611,6,15,3
59,False,28,37,5,4,587,601,11,27,5
60,False,30,35,8,3,582,585,13,29,5
61,True,14,14,2,2,582,594,5,13,3
62,True,28,5,4,2,605,609,9,22,3
63,False,42,41,13,1,606,611,15,36,5
64,False,47,42,6,3,611,616,15,35,5
65,False,15,42,13,4,584,599,13,28,8
66,False,26,40,8,0,570,583,9,21,3
67,False,22,38,3,2,554,566,7,18,3
68,True,16,8,8,0,562,570,7,16,3
69,True,34,8,8,2,588,592,12,29,4
70,False,49,27,9,4,610,625,17,41,7
71,False,27,32,2,0,605,622,6,15,3
72,False,34,34,2,3,605,620,10,25,3
73,False,33,21,5,2,617,630,10,25,3
74,False,30,14,5,2,633,641,10,24,3
75,True,13,20,5,1,626,639,5,13,3
76,True,16,18,3,2,624,640,6,15,3
77,False,25,27,11,1,622,637,11,25,4
78,False,31,16,11,0,637,642,11,26,3
79,False,41,11,7,2,667,678,13,31,4
80,False,15,31,10,4,651,658,12,25,7
81,False,20,40,7,2,631,644,9,21,4
82,True,28,11,2,1,648,661,7,18,3
83,True,29,12,7,0,665,671,8,21,3
84,False,27,37,9,0,655,664,9,22,3
85,False,20,41,7,4,634,648,11,25,6
86,False,49,28,10,0,655,672,14,34,3
87,False,29,40,8,0,644,658,9,22,3
88,False,26,19,7,3,651,662,11,26,5
89,True,30,12,8,1,669,684,11,25,3
90,True,27,9,6,2,687,691,10,23,4
91,False,23,42,13,4,668,684,14,32,8
92,False,49,15,10,1,702,715,15,36,4
93,False,44,14,7,0,732,737,11,29,3
94,False,46,20,7,2,758,772,14,34,4
95,False,27,42,2,4,743,753,10,23,4
96,True,15,21,6,2,737,745,8,17,4
97,True,32,9,3,0,760,768,7,19,3
98,False,28,18,14,3,770,787,15,34,7
99,False,15,41,9,1,744,757,8,18,4
100,False,48,12,2,3,780,788,13,32,3
101,False,44,39,8,4,785,793,16,38,6
102,False,28,11,7,3,802,807,11,27,5
103,True,15,22,3,2,795,800,6,14,3
104,True,29,10,7,1,814,820,9,23,3
105,False,31,14,9,0,831,844,10,24,3
106,False,31,29,7,4,833,838,13,30,6
107,False,27,20,8,2,840,849,11,25,4
108,False,30,17,9,0,853,859,10,24,3
109,False,46,12,3,4,887,900,14,34,5
110,True,28,23,6,0,892,901,8,20,3
111,True,10,9,2,0,893,910,5,10,3
112,False,40,36,9,2,897,915,14,33,5
113,False,31,35,2,2,893,909,9,21,3
114,False,29,31,8,1,891,907,10,24,3
115,False,40,23,4,2,908,926,12,28,3
116,False,32,44,8,4,896,911,14,32,6
117,True,19,11,6,1,904,921,7,17,3
118,True,21,21,4,1,904,909,7,16,3
119,False,32,31,9,0,905,919,10,25,3
120,False,33,15,12,2,923,938,14,32,6
121,False,20,42,7,3,901,917,10,23,5
122,False,25,39,8,2,887,892,11,24,4
123,False,45,33,5,3,899,912,14,33,4
124,True,13,19,8,1,893,898,7,16,3
125,True,34,6,3,0,921,935,7,20,3
126,False,19,15,4,3,925,928,8,19,4
127,False,34,21,7,4,938,954,13,32,6
128,False,25,22,7,1,941,951,9,21,3
129,False,24,14,3,4,951,960,9,23,5
130,False,16,29,10,0,938,948,8,18,3
131,True,20,19,1,0,939,954,5,11,3
132,True,21,22,9,1,938,951,9,21,4
133,False,49,44,13,4,943,952,19,45,8
134,False,25,23,6,4,945,951,12,26,6
135,False,33,23,10,4,955,966,15,34,7
136,False,39,27,9,2,967,981,13,32,5
137,False,47,32,10,0,982,984,14,33,3
138,True,24,6,8,2,1000,1007,10,24,4
139,True,28,10,3,1,1018,1022,7,19,3
140,False,29,38,8,2,1009,1013,11,26,4
141,False,43,42,8,0,1010,1024,12,29,3
142,False,18,31,12,1,997,998,10,23,5
143,False,27,40,9,3,984,992,12,28,6
144,False,29,38,5,3,975,988,10,25,4
145,True,11,23,5,2,963,977,6,14,3
146,True,19,12,7,2,970,979,8,20,4
147,False,26,35,10,0,961,975,10,23,3
148,False,26,13,9,1,974,974,10,24,4
149,False,42,40,9,0,976,981,12,30,3
150,False,25,32,6,1,969,982,9,20,3
151,False,37,10,6,0,996,1000,10,24,3
152,True,18,14,9,2,1000,1014,9,22,5
153,True,29,15,2,2,1014,1014,8,20,3
154,False,41,26,12,2,1029,1033,16,36,6
155,False,38,34,6,0,1033,1032,10,25,3
156,False,43,31,2,0,1045,1047,9,23,3
157,False,34,31,2,0,1048,1059,7,19,3
158,False,44,32,14,0,1060,1071,15,36,4
159,True,25,12,3,2,1073,1072,8,19,3
160,True,11,21,3,2,1063,1064,5,12,3
161,False,15,17,4,1,1061,1068,6,13,3
162,False,33,43,8,3,1051,1050,13,30,5
163,False,21,38,9,2,1034,1046,10,23,5
164,False,22,12,9,1,1044,1044,9,22,4
165,False,46,33,5,3,1057,1058,14,34,4
166,True,31,18,7,1,1070,1073,10,24,3
167,True,10,23,4,0,1057,1065,5,10,3
168,False,32,11,5,2,1078,1084,10,25,3
169,False,16,12,5,4,1082,1083,9,21,5
170,False,44,18,4,3,1108,1114,13,32,4
171,False,36,33,9,2,1111,1120,13,31,5
172,False,37,41,10,1,1107,1115,13,30,4
173,True,34,11,4,1,1130,1135,9,23,3
174,True,22,6,6,1,1146,1146,8,19,3
175,False,48,26,11,3,1168,1170,17,41,6
176,False,36,30,7,2,1174,1177,12,29,4
177,False,48,21,11,4,1201,1196,18,43,7
178,False,40,30,13,2,1211,1206,16,37,6
179,False,40,38,12,3,1213,1208,17,38,7
180,True,16,12,7,2,1217,1219,8,19,4
181,True,31,9,4,2,1239,1236,10,23,3
182,False,31,43,6,0,1227,1230,9,21,3
183,False,31,10,9,1,1248,1250,11,26,4
184,False,49,12,13,2,1285,1292,17,41,6
185,False,48,21,12,2,1312,1306,17,40,6
186,False,31,19,9,2,1324,1325,12,28,5
187,True,30,21,6,0,1333,1328,9,21,3
188,True,34,16,9,0,1351,1354,10,26,3
189,False,46,19,8,1,1378,1375,14,33,3
190,False,36,16,10,2,1398,1398,14,32,5
191,False,37,38,5,2,1397,1391,11,27,3
192,False,31,23,13,3,1405,1410,15,34,7
193,False,48,12,11,3,1441,1440,17,41,6
194,True,24,21,9,0,1444,1438,8,21,3
195,True,10,20,2,2,1434,1428,5,11,3
196,False,48,39,14,1,1443,1437,17,40,5
197,False,43,38,10,3,1448,1454,16,37,6
198,False,24,39,5,4,1433,1425,10,25,5
199,False,44,12,3,3,1465,1458,12,31,4
200,False,39,10,10,0,1494,1494,12,29,3
201,True,33,8,5,2,1519,1521,10,25,3
202,True,15,11,2,0,1523,1520,5,10,3
203,False,18,17,11,2,1524,1516,10,24,5
204,False,40,12,6,0,1552,1551,11,26,3
205,False,49,29,4,1,1572,1564,12,30,3
206,False,31,33,7,4,1570,1568,13,30,6
207,False,39,18,3,2,1591,1589,10,26,3
208,True,33,7,9,2,1617,1615,12,29,5
209,True,11,16,8,0,1612,1606,6,13,3
210,False,25,43,7,2,1594,1588,10,23,4
211,False,40,27,13,4,1607,1609,18,41,8
212,False,31,41,9,1,1597,1594,11,26,4
213,False,41,22,9,2,1616,1612,14,33,5
214,False,42,42,14,2,1616,1617,17,39,6
215,True,34,14,6,2,1636,1629,11,27,4
216,True,20,17,7,1,1639,1637,8,19,3
217,False,46,39,5,1,1646,1648,12,30,3
218,False,27,38,14,2,1635,1624,14,31,6
219,False,31,40,14,2,1626,1620,15,33,6
220,False,33,39,3,3,1620,1619,10,25,4
221,False,29,39,5,3,1610,1601,10,25,4
222,True,27,8,6,0,1629,1626,8,19,3
223,True,31,5,2,1,1655,1657,8,19,3
224,False,43,21,5,4,1677,1676,14,34,5
225,False,21,38,4,2,1660,1657,8,18,3
226,False,37,35,14,3,1662,1650,17,38,7
227,False,49,22,8,4,1689,1689,17,40,6
228,False,25,41,5,2,1673,1670,9,21,3
229,True,12,21,5,2,1664,1655,6,15,3
230,True,29,10,3,2,1683,1670,8,21,3
231,False,29,43,9,3,1669,1657,12,29,6
232,False,29,25,2,4,1673,1664,10,24,4
233,False,22,24,4,4,1671,1669,10,23,5
234,False,38,12,10,0,1697,1697,12,29,3
235,False,34,18,7,4,1713,1704,13,32,6
236,True,11,12,1,0,1712,1700,5,10,3
237,True,27,18,9,0,1721,1718,9,22,3
238,False,22,20,10,0,1723,1720,9,21,3
239,False,46,24,13,3,1745,1731,18,42,7
240,False,24,41,3,0,1728,1714,5,15,3
241,False,27,39,7,1,1716,1707,9,22,3
242,False,40,24,2,2,1732,1730,11,26,3
243,True,12,10,7,2,1734,1728,7,17,4
244,True,27,16,4,1,1745,1745,8,19,3
245,False,21,20,7,1,1746,1737,8,19,3
246,False,40,12,12,1,1774,1765,15,34,5
247,False,26,32,14,2,1768,1763,14,31,6
248,False,33,17,4,3,1784,1770,11,26,4
249,False,20,27,9,0,1777,1772,8,19,3
250,True,12,14,6,2,1775,1774,7,16,4
251,True,10,11,5,2,1774,1768,6,14,3
252,False,38,29,13,3,1783,1779,16,38,7
253,False,38,41,5,1,1780,1779,10,26,3
254,False,48,15,4,4,1813,1799,15,36,5
255,False,35,24,9,3,1824,1822,14,32,6
256,False,37,23,6,4,1838,1831,14,32,6
257,True,31,19,9,1,1850,1841,11,26,4
258,True,15,21,2,2,1844,1833,6,13,3
259,False,19,10,14,2,1853,1847,12,27,6
260,False,17,23,11,3,1847,1845,11,25,6
261,False,15,14,13,0,1848,1841,9,20,4
262,False,34,37,6,3,1845,1834,12,29,5
263,False,42,24,3,1,1863,1856,10,26,3
264,True,14,24,7,2,1853,1843,7,18,4
265,True,14,9,4,0,1858,1844,5,11,3
266,False,38,43,10,2,1853,1839,14,33,5
267,False,37,29,5,1,1861,1855,10,25,3
268,False,22,30,14,4,1853,1852,15,33,8
269,False,36,43,12,1,1846,1844,14,32,5
270,False,32,26,2,3,1852,1847,10,24,3
271,True,17,18,3,2,1851,1849,6,15,3
272,True,30,20,2,1,1861,1851,8,19,3
273,False,23,42,10,4,1842,1839,13,29,7
274,False,45,20,5,2,1867,1857,13,31,3
275,False,48,27,4,4,1888,1883,15,36,5
276,False,15,33,10,4,1870,1869,12,25,7
277,False,15,21,6,2,1864,1860,8,17,4
278,True,34,5,6,1,1893,1888,10,25,3
279,True,12,12,2,1,1893,1886,5,10,3
280,False,17,30,7,3,1880,1869,9,21,5
281,False,43,35,3,4,1888,1887,13,32,5
282,False,29,32,12,2,1885,1882,13,30,6
283,False,35,32,6,3,1888,1887,13,29,5
284,False,39,20,6,4,1907,1897,14,33,6
285,True,28,6,5,1,1929,1924,8,21,3
286,True,24,7,4,1,1946,1932,7,18,3
287,False,16,22,12,3,1940,1934,12,26,7
288,False,27,40,14,1,1927,1919,13,29,5
289,False,34,13,13,4,1948,1942,16,38,8
290,False,27,31,13,0,1944,1938,11,26,4
291,False,23,24,9,0,1943,1937,8,20,3
292,True,14,8,4,2,1949,1943,6,15,3
293,True,34,22,1,2,1961,1947,8,22,3
294,False,19,44,8,4,1936,1921,11,25,6
295,False,36,24,12,1,1948,1941,14,32,5
296,False,28,22,3,2,1954,1945,8,21,3
297,False,35,27,10,0,1962,1957,12,27,3
298,False,38,28,11,4,1972,1970,16,38,7
299,True,13,12,3,0,1973,1965,5,10,3
300,True,10,10,1,1,1973,1970,5,10,3
301,False,19,36,7,1,1956,1944,7,18,3
302,False,17,31,13,1,1942,1933,10,23,5
303,False,31,44,5,3,1929,1924,11,26,4
304,False,19,22,11,0,1926,1918,8,20,3
305,False,30,21,9,3,1935,1923,13,30,6
306,True,25,17,6,0,1943,1932,8,18,3
307,True,17,16,5,1,1944,1935,6,15,3
308,False,32,17,6,3,1959,1950,12,28,5
309,False,48,23,3,4,1984,1971,14,35,5
310,False,35,11,2,2,2008,1996,10,23,3
311,False,37,35,4,2,2010,2010,11,26,3
312,False,36,21,7,1,2025,2024,11,27,3
313,True,12,14,3,2,2023,2013,5,13,3
314,True,23,13,2,2,2033,2021,7,17,3
315,False,49,27,11,0,2055,2043,14,35,3
316,False,39,42,2,4,2052,2042,12,29,4
317,False,17,44,14,4,2025,2013,14,30,8
318,False,22,30,5,4,2017,2015,10,24,5
319,False,26,41,14,3,2002,1990,15,33,7
320,True,15,15,3,2,2002,1992,6,14,3
321,True,14,23,2,1,1993,1991,5,11,3
322,False,45,24,10,2,2014,2006,16,36,5
323,False,23,37,13,0,2000,1991,10,24,4
324,False,18,26,5,3,1992,1991,8,20,4
325,False,49,16,8,4,2025,2025,17,40,6
326,False,36,14,12,4,2047,2040,17,38,8
327,True,15,19,8,2,2043,2035,9,19,4
328,True,10,17,5,0,2036,2026,5,10,3
329,False,46,26,6,3,2056,2051,15,35,5
330,False,40,13,9,2,2083,2080,14,33,5
331,False,43,38,11,4,2088,2077,17,40,7
332,False,31,18,13,4,2101,2090,16,36,8
333,False,24,30,9,2,2095,2089,10,25,5
334,True,17,21,8,0,2091,2082,7,16,3
335,True,14,16,8,0,2089,2086,6,15,3
336,False,37,10,4,0,2116,2110,9,22,3
337,False,34,30,5,2,2120,2113,10,26,3
338,False,29,28,4,2,2121,2120,9,22,3
339,False,19,14,9,1,2126,2121,8,20,4
340,False,46,37,9,0,2135,2133,13,32,3
341,True,11,19,4,1,2127,2125,5,11,3
342,True,18,22,8,1,2123,2119,8,19,3
343,False,27,41,13,1,2109,2110,12,28,5
344,False,24,24,8,0,2109,2108,8,20,3
345,False,28,34,5,4,2103,2105,11,27,5
346,False,46,30,8,0,2119,2121,13,31,3
347,False,32,30,9,3,2121,2122,13,31,6
348,True,31,15,2,1,2137,2141,8,19,3
349,True,30,19,3,2,2148,2147,9,22,3
350,False,27,31,9,2,2144,2150,11,26,5
351,False,33,32,13,0,2145,2141,12,29,4
352,False,22,25,6,2,2142,2134,9,21,4
353,False,18,44,3,2,2116,2116,6,16,3
354,False,24,30,12,2,2110,2104,12,28,6
355,True,18,20,6,1,2108,2110,7,17,3
356,True,31,16,9,1,2123,2120,11,26,4
357,False,34,20,8,2,2137,2134,12,29,4
358,False,18,13,7,2,2142,2144,8,20,4
359,False,35,30,13,0,2147,2152,13,30,4
360,False,34,26,14,2,2155,2156,15,35,6
361,False,30,13,3,1,2172,2168,8,20,3
362,True,28,21,6,0,2179,2184,8,20,3
363,True,15,8,4,1,2186,2186,6,13,3
364,False,47,27,12,2,2206,2208,17,39,6
365,False,47,26,12,3,2227,2232,18,41,7
366,False,23,35,3,2,2215,2222,7,18,3
367,False,44,15,4,4,2244,2241,14,34,5
368,False,49,35,6,3,2258,2253,15,36,5
369,True,30,14,6,1,2274,2272,10,23,3
370,True,16,11,8,0,2279,2277,7,16,3
371,False,20,40,5,4,2259,2268,10,23,5
372,False,38,39,4,3,2258,2267,12,29,4
373,False,24,25,11,0,2257,2265,9,23,3
374,False,20,18,5,1,2259,2264,7,17,3
375,False,35,13,8,1,2281,2284,12,27,3
376,True,20,24,5,1,2277,2282,7,17,3
377,True,21,18,2,0,2280,2279,5,12,3
378,False,37,35,4,0,2282,2283,9,22,3
379,False,26,42,11,0,2266,2269,10,24,3
380,False,36,42,13,1,2260,2267,14,33,5
381,False,36,26,3,0,2270,2276,8,21,3
382,False,35,14,11,1,2291,2290,13,30,4
383,True,16,16,6,2,2291,2298,8,18,4
384,True,12,23,7,0,2280,2281,5,13,3
385,False,40,13,9,4,2307,2319,16,37,7
386,False,36,37,9,1,2306,2315,12,29,4
387,False,40,11,9,3,2335,2333,15,35,6
388,False,49,15,10,2,2369,2368,16,38,5
389,False,33,14,11,3,2388,2398,14,33,6
390,True,18,8,7,0,2398,2411,6,16,3
391,True,24,20,4,1,2402,2412,7,18,3
392,False,16,16,4,2,2402,2402,7,16,3
393,False,47,37,6,3,2412,2421,15,35,5
394,False,18,39,10,3,2391,2400,11,25,6
395,False,30,10,14,1,2411,2413,14,31,5
396,False,42,40,6,0,2413,2415,11,27,3
397,True,10,8,5,2,2415,2427,6,14,3
398,True,18,24,3,0,2409,2419,5,12,3
399,False,16,18,7,2,2407,2418,8,19,4
400,False,42,39,13,1,2410,2423,15,36,5
401,False,47,30,10,2,2427,2441,16,37,5
402,False,32,20,2,4,2439,2450,11,26,4
403,False,25,39,2,3,2425,2438,9,20,3
404,True,25,6,8,2,2444,2451,11,24,4
405,True,15,13,8,2,2446,2453,9,19,4
406,False,17,13,6,2,2450,2459,8,18,4
407,False,28,21,4,3,2457,2470,10,24,4
408,False,29,27,12,2,2459,2466,13,30,6
409,False,41,43,5,4,2457,2465,14,33,5
410,False,49,28,12,3,2478,2479,18,42,7
411,True,34,12,6,2,2500,2507,11,27,4
412,True,25,23,3,0,2502,2515,6,15,3
413,False,34,16,12,3,2520,2528,15,35,7
414,False,33,23,9,0,2530,2545,10,25,3
415,False,23,42,12,4,2511,2515,14,31,8
416,False,28,39,13,1,2500,2510,12,29,5
417,False,36,25,13,2,2511,2523,15,35,6
418,True,23,22,5,0,2512,2516,6,16,3
419,True,21,5,9,2,2528,2531,10,23,5
420,False,48,33,14,3,2543,2551,19,44,7
421,False,26,24,5,4,2545,2553,11,26,5
422,False,35,29,8,3,2551,2565,14,31,5
423,False,18,31,7,3,2538,2542,9,22,5
424,False,38,43,2,0,2533,2537,8,21,3
425,True,26,16,8,2,2543,2557,11,25,4
426,True,19,5,1,2,2557,2567,5,14,3
427,False,28,44,9,0,2541,2556,9,23,3
428,False,22,29,8,4,2534,2541,12,27,6
429,False,23,33,2,4,2524,2529,9,21,4
430,False,27,20,14,4,2531,2534,16,35,8
431,False,33,21,13,4,2543,2547,16,37,8
432,True,22,11,8,0,2554,2568,8,19,3
433,True,23,17,2,1,2560,2565,6,15,3
434,False,18,39,3,4,2539,2545,8,20,5
435,False,42,29,11,2,2552,2570,15,36,5
436,False,16,38,4,2,2530,2546,7,16,3
437,False,24,23,10,3,2531,2537,12,28,6
438,False,34,15,14,2,2550,2567,15,35,6
439,True,17,6,3,2,2561,2565,6,15,3
440,True,32,17,5,1,2576,2580,9,23,3
441,False,45,34,13,4,2587,2596,19,43,8
442,False,32,44,6,1,2575,2592,10,24,3
443,False,48,41,13,0,2582,2600,15,37,4
444,False,37,20,13,0,2599,2610,13,31,4
445,False,48,37,6,0,2610,2614,12,30,3
446,True,24,24,2,2,2610,2624,7,18,3
447,True,24,15,5,1,2619,2626,7,19,3
448,False,26,10,3,4,2635,2652,10,24,5
449,False,38,12,11,2,2661,2678,14,34,5
450,False,41,15,6,1,2687,2695,12,28,3
451,False,49,32,13,0,2704,2708,15,37,4
452,False,43,22,14,3,2725,2733,18,41,7
453,True,14,13,6,0,2726,2740,5,13,3
454,True,32,23,3,1,2735,2739,8,21,3
455,False,35,30,5,2,2740,2744,11,26,3
456,False,42,33,3,2,2749,2756,11,28,3
457,False,31,44,7,0,2736,2747,9,22,3
458,False,33,30,2,4,2739,2746,11,26,4
459,False,33,36,7,4,2736,2754,13,31,6
460,True,21,15,1,0,2742,2759,5,11,3
461,True,21,10,4,1,2753,2771,7,16,3
462,False,25,42,12,2,2736,2748,13,28,6
463,False,31,23,4,3,2744,2754,11,25,4
464,False,49,18,2,0,2775,2779,10,26,3
465,False,47,41,4,2,2781,2789,13,31,3
466,False,27,40,7,4,2768,2777,12,28,6
467,True,20,7,5,1,2781,2793,7,17,3
468,True,33,7,3,2,2807,2812,9,23,3
469,False,22,35,8,2,2794,2798,10,23,4
470,False,39,10,9,4,2823,2838,15,36,7
471,False,23,10,9,0,2836,2841,8,20,3
472,False,28,13,12,2,2851,2862,13,30,6
473,False,17,23,3,4,2845,2861,8,19,5
474,True,28,10,1,2,2863,2868,7,19,3
475,True,19,20,2,1,2862,2878,5,13,3
476,False,45,43,8,2,2864,2873,15,34,4
477,False,43,10,6,4,2897,2905,15,35,6
478,False,33,28,2,1,2902,2915,8,20,3
479,False,22,29,3,3,2895,2912,8,20,4
480,False,38,24,14,2,2909,2919,16,37,6
481,True,17,22,2,1,2904,2915,5,12,3
482,True,11,15,9,2,2900,2904,8,18,5
483,False,43,35,7,0,2908,2917,11,28,3
484,False,38,17,13,0,2929,2944,13,32,4
485,False,42,20,4,0,2951,2964,10,25,3
486,False,48,13,4,4,2986,2991,15,36,5
487,False,20,21,11,1,2985,3000,10,23,4
488,True,10,14,5,2,2981,2996,6,14,3
489,True,14,5,1,2,2990,3001,5,12,3
490,False,44,18,4,3,3016,3023,13,32,4
491,False,31,37,3,2,3010,3024,9,22,3
492,False,21,22,5,1,3009,3020,7,17,3
493,False,23,20,2,3,3012,3027,8,19,3
494,False,37,43,8,3,3006,3009,14,32,5
495,True,12,10,8,1,3008,3015,7,16,3
496,True,10,8,3,0,3010,3020,5,10,3
497,False,24,19,7,1,3015,3022,8,21,3
498,False,31,23,4,0,3023,3036,8,19,3
499,False,38,38,11,3,3023,3034,15,36,6
500,False,15,29,2,3,3009,3020,7,15,3
501,False,26,36,12,0,2999,3002,11,25,4
502,True,14,10,5,0,3003,3005,5,12,3
503,True,32,11,5,0,3024,3031,8,21,3
504,False,23,41,8,0,3006,3014,8,19,3
505,False,22,31,4,4,2997,3006,10,23,5
506,False,43,43,13,3,2997,3007,17,40,7
507,False,18,35,9,3,2980,2982,10,24,6
508,False,25,24,10,0,2981,2992,10,22,3
509,True,21,11,9,1,2991,3002,9,21,4
510,True,22,23,8,2,2990,3005,10,23,4
511,False,42,20,9,3,3012,3020,15,36,6
512,False,45,35,5,3,3022,3030,14,33,4
513,False,25,42,3,4,3005,3014,10,23,5
514,False,35,14,3,1,3026,3039,9,22,3
515,False,27,40,7,4,3013,3020,12,28,6
516,True,21,17,1,2,3017,3029,6,15,3
517,True,27,15,6,0,3029,3032,8,19,3
518,False,49,35,12,4,3043,3050,19,44,8
519,False,32,28,7,1,3047,3055,10,25,3
520,False,20,13,12,4,3054,3054,14,30,8
521,False,31,25,14,1,3060,3066,14,31,5
522,False,44,41,2,2,3063,3068,11,28,3
523,True,26,24,6,0,3065,3068,8,19,3
524,True,19,8,5,1,3076,3085,6,16,3
525,False,16,17,6,2,3075,3081,8,18,4
526,False,43,12,11,3,3106,3112,16,38,6
527,False,41,43,10,4,3104,3108,17,38,7
528,False,17,29,4,2,3092,3090,7,16,3
529,False,41,35,14,3,3098,3108,18,40,7
530,True,29,22,4,2,3105,3111,9,22,3
531,True,20,13,1,1,3112,3110,5,13,3
532,False,43,13,9,2,3142,3143,14,34,5
533,False,49,21,14,3,3170,3173,19,44,7
534,False,21,35,5,1,3156,3156,7,17,3
535,False,29,38,8,3,3147,3157,12,28,5
536,False,41,13,6,0,3175,3173,11,26,3
537,True,24,12,2,0,3187,3190,5,14,3
538,True,33,14,9,0,3206,3208,10,25,3
539,False,37,14,10,4,3229,3233,16,36,7
540,False,20,19,7,4,3230,3238,11,25,6
541,False,34,12,5,3,3252,3259,11,28,4
542,False,19,22,6,0,3249,3254,6,15,3
543,False,28,25,7,4,3252,3254,12,29,6
544,True,26,20,2,2,3258,3266,8,19,3
545,True,18,21,6,0,3255,3250,6,15,3
546,False,18,34,7,0,3239,3234,6,16,3
547,False,39,26,3,2,3252,3252,10,26,3
548,False,15,32,3,2,3235,3237,6,14,3
549,False,43,18,5,3,3260,3258,13,32,4
550,False,17,26,14,0,3251,3245,10,22,4
551,True,12,19,4,1,3244,3238,5,12,3
552,True,28,15,1,1,3257,3252,6,17,3
553,False,18,33,7,0,3242,3236,6,16,3
554,False,33,10,7,4,3265,3271,13,31,6
555,False,49,28,11,0,3286,3282,14,35,3
556,False,45,13,9,2,3318,3319,15,35,5
557,False,22,16,3,2,3324,3319,7,18,3
558,True,27,24,1,1,3327,3324,6,16,3
559,True,20,9,6,0,3338,3335,7,16,3
560,False,42,23,3,0,3357,3351,9,24,3
561,False,36,14,8,3,3379,3371,14,32,5
562,False,27,29,8,2,3377,3374,11,25,4
563,False,43,29,11,0,3391,3391,13,32,3
564,False,22,35,2,1,3378,3375,6,15,3
565,True,14,13,4,0,3379,3371,5,11,3
566,True,26,16,2,0,3389,3382,6,15,3
567,False,30,11,7,1,3408,3409,10,24,3
568,False,41,38,12,0,3411,3407,14,32,4
569,False,34,28,6,1,3417,3413,10,25,3
570,False,17,15,10,0,3419,3415,8,18,3
571,False,16,38,11,0,3397,3397,8,19,3
572,True,30,19,8,1,3408,3401,11,25,3
573,True,11,17,4,2,3402,3392,6,13,3
574,False,23,28,10,4,3397,3400,13,29,7
575,False,46,41,2,1,3402,3393,11,27,3
576,False,41,44,10,3,3399,3403,16,36,6
577,False,29,13,12,1,3415,3407,12,28,5
578,False,42,26,11,1,3431,3423,14,34,4
579,True,22,12,4,2,3441,3444,8,19,3
580,True,10,18,8,2,3433,3434,8,17,4
581,False,17,42,8,1,3408,3398,8,18,3
582,False,33,22,11,0,3419,3414,11,27,3
583,False,41,17,2,0,3443,3444,9,22,3
584,False,20,34,2,4,3429,3426,9,20,4
585,False,32,30,12,3,3431,3424,15,34,7
586,True,17,8,5,2,3440,3439,7,17,3
587,True,27,6,9,0,3461,3452,9,22,3
588,False,36,16,5,3,3481,3483,12,29,4
589,False,15,12,7,4,3484,3484,10,22,6
590,False,19,19,4,4,3484,3486,9,21,5
591,False,34,28,2,3,3490,3489,10,25,3
592,False,41,32,10,4,3499,3493,17,38,7
593,True,23,9,1,1,3513,3509,5,14,3
594,True,16,20,9,1,3509,3498,8,19,4
595,False,49,31,11,0,3527,3525,14,35,3
596,False,37,25,10,4,3539,3540,16,36,7
597,False,37,22,14,0,3554,3547,14,32,4
598,False,35,11,3,0,3578,3578,8,20,3
599,False,31,41,11,1,3568,3569,12,28,4
600,True,28,8,7,2,3588,3589,10,25,4
601,True,31,23,8,2,3596,3595,12,27,4
602,False,23,42,4,1,3577,3570,7,17,3
603,False,15,38,7,0,3554,3541,6,14,3
604,False,43,22,8,1,3575,3561,13,31,3
605,False,21,22,8,1,3574,3560,9,20,3
606,False,15,26,14,4,3563,3559,14,29,8
607,True,25,13,9,1,3575,3569,10,23,4
608,True,28,16,7,1,3587,3585,9,23,3
609,False,33,28,4,2,3592,3582,10,24,3
610,False,44,27,9,3,3609,3609,15,37,6
611,False,29,37,3,1,3601,3599,7,19,3
612,False,29,29,14,2,3601,3589,14,32,6
613,False,17,23,12,3,3595,3583,12,26,7
614,True,20,15,2,1,3600,3585,6,14,3
615,True,18,6,9,0,3612,3606,7,18,3
616,False,46,26,13,4,3632,3627,19,44,8
617,False,21,37,7,4,3616,3610,11,25,6
618,False,31,25,6,1,3622,3610,10,23,3
619,False,36,21,12,2,3637,3630,15,34,6
620,False,16,39,13,2,3614,3613,11,25,6
621,True,25,21,3,1,3618,3609,7,17,3
622,True,27,21,9,2,3624,3611,11,26,5
623,False,17,39,14,3,3602,3591,13,28,7
624,False,27,36,11,4,3593,3592,14,32,7
625,False,29,13,9,3,3609,3603,12,29,6
626,False,34,21,2,4,3622,3621,11,27,4
627,False,36,15,4,4,3643,3639,13,30,5
628,True,33,18,9,1,3658,3653,11,27,4
629,True,33,12,8,0,3679,3669,10,24,3
630,False,32,11,7,4,3700,3690,13,31,6
631,False,41,29,12,4,3712,3706,18,40,8
632,False,17,36,14,4,3693,3678,14,30,8
633,False,49,20,13,4,3722,3709,19,45,8
634,False,36,40,5,2,3718,3712,11,27,3
635,True,12,7,3,0,3723,3711,5,10,3
636,True,28,15,9,2,3736,3727,11,27,5
637,False,38,20,6,2,3754,3743,12,29,4
638,False,35,21,5,0,3768,3766,9,22,3
639,False,25,41,12,1,3752,3744,12,26,5
640,False,37,20,8,0,3769,3764,11,26,3
641,False,39,19,8,3,3789,3774,14,33,5
642,True,24,12,2,2,3801,3786,7,18,3
643,True,23,18,7,2,3806,3801,9,22,4
644,False,29,21,7,2,3814,3810,10,25,4
645,False,40,39,6,0,3815,3805,11,26,3
646,False,16,35,9,2,3796,3786,9,21,5
647,False,34,17,2,3,3813,3801,10,25,3
648,False,30,16,6,0,3827,3814,9,21,3
649,True,28,24,7,0,3831,3823,8,21,3
650,True,24,18,5,2,3837,3833,8,21,3
651,False,31,39,3,1,3829,3820,8,20,3
652,False,48,29,11,3,3848,3847,17,41,6
653,False,34,12,9,3,3870,3862,13,32,6
654,False,37,20,14,3,3887,3881,17,38,7
655,False,42,22,11,3,3907,3906,16,38,6
656,True,27,10,6,1,3924,3923,9,21,3
657,True,32,15,5,1,3941,3935,9,23,3
658,False,38,44,2,0,3935,3926,8,21,3
659,False,45,40,6,1,3940,3933,13,30,3
660,False,36,22,4,3,3954,3946,12,28,4
661,False,31,24,8,4,3961,3946,14,31,6
662,False,46,18,12,4,3989,3975,19,43,8
663,True,22,20,6,2,3991,3987,9,21,4
664,True,16,7,7,2,4000,3988,8,19,4
665,False,39,41,14,0,3998,3984,14,33,4
666,False,20,28,7,3,3990,3987,10,23,5
667,False,22,34,7,3,3978,3968,10,24,5
668,False,44,12,7,1,4010,4001,12,31,3
669,False,46,17,4,1,4039,4027,12,29,3
670,True,21,21,5,1,4039,4028,7,17,3
671,True,34,13,4,2,4060,4060,10,25,3
672,False,36,13,3,0,4083,4072,8,21,3
673,False,27,26,2,4,4084,4070,10,23,4
674,False,38,17,8,2,4105,4100,13,31,4
675,False,27,37,8,1,4095,4086,10,23,3
676,False,32,26,3,4,4101,4100,11,27,5
677,True,27,17,5,2,4111,4098,9,22,3
678,True,17,23,4,1,4105,4103,6,14,3
679,False,45,32,2,0,4118,4108,10,24,3
680,False,23,10,3,0,4131,4132,5,14,3
681,False,26,42,9,2,4115,4115,11,26,5
682,False,26,10,4,2,4131,4124,9,21,3
683,False,45,26,6,4,4150,4144,16,36,6
684,True,32,10,5,0,4172,4161,8,21,3
685,True,31,12,3,2,4191,4186,9,22,3
686,False,35,11,8,3,4215,4213,14,31,5
687,False,31,15,13,1,4231,4224,13,30,5
688,False,18,31,5,1,4218,4218,6,16,3
689,False,46,26,11,3,4238,4228,17,40,6
690,False,42,10,2,3,4270,4265,12,29,3
691,True,33,20,9,2,4283,4278,12,29,5
692,True,21,18,3,1,4286,4281,6,15,3
693,False,23,35,11,2,4274,4265,11,26,5
694,False,38,14,2,2,4298,4298,10,25,3
695,False,40,43,13,3,4295,4290,17,39,7
696,False,15,34,11,4,4276,4273,12,26,7
697,False,34,31,5,4,4279,4282,12,30,5
698,True,23,24,5,0,4278,4276,6,16,3
699,True,14,10,7,2,4282,4272,7,18,4
700,False,35,37,8,2,4280,4277,13,29,4
701,False,24,34,8,2,4270,4272,10,24,4
702,False,19,38,2,3,4251,4243,7,17,3
703,False,44,20,8,1,4275,4277,13,32,3
704,False,22,37,8,1,4260,4254,9,21,3
705,True,33,19,4,0,4274,4275,8,20,3
706,True,10,12,1,0,4272,4276,5,10,3
707,False,35,24,4,4,4283,4281,13,29,5
708,False,31,26,2,0,4288,4292,7,17,3
709,False,20,44,14,4,4264,4265,15,32,8
710,False,27,40,13,4,4251,4247,15,34,8
711,False,37,34,11,3,4254,4250,15,35,6
712,True,15,22,9,1,4247,4251,8,18,4
713,True,22,11,3,2,4258,4260,7,18,3
714,False,49,26,5,2,4281,4282,13,33,3
715,False,38,26,4,3,4293,4297,12,29,4
716,False,20,23,5,2,4290,4293,8,19,3
717,False,30,13,14,1,4307,4313,14,31,5
718,False,17,17,10,4,4307,4300,12,26,7
719,True,17,11,9,2,4313,4319,9,21,5
720,True,19,10,5,0,4322,4321,5,14,3
721,False,48,32,9,1,4338,4343,14,35,4
722,False,18,38,11,1,4318,4325,9,22,4
723,False,46,18,7,2,4346,4353,14,34,4
724,False,17,20,5,3,4343,4336,8,19,4
725,False,33,14,4,0,4362,4359,8,20,3
726,True,31,20,3,0,4373,4378,7,18,3
727,True,21,18,9,2,4376,4379,10,23,5
728,False,33,14,10,3,4395,4390,14,32,6
729,False,39,19,8,0,4415,4417,11,27,3
